{"Bike Type": {"E-bikes": 0, "Motorbikes": 1, "Quadricycles": 2, "Scooters": 3}, "Brand": {"Aprilia": 0, "Bajaj": 1, "Demak": 2, "Ducati": 3, "EcoFast": 4, "Electra": 5, "Hero": 6, "Honda": 7, "KTM": 8, "KYMCO": 9, "Kawasaki": 10, "Kinetic": 11, "Loncin": 12, "Mahindra": 13, "Minnelli": 14, "Other brand": 15, "Piaggio": 16, "Ranomoto": 17, "Royal Enfield": 18, "Scooty": 19, "Suzuki": 20, "TVS": 21, "Triumph": 22, "Vespa": 23, "Yamaha": 24}, "Edition": {"(India)": 0, "(Japan)": 1, "(Used)": 2, "(used)": 3, ",": 4, "-": 5, ".": 6, ".vm": 7, "1": 8, "100": 9, "100 CC": 10, "100 ES Allow wheel": 11, "100 M": 12, "100 cc": 13, "100CC": 14, "100Es": 15, "100cc": 16, "100es": 17, "100m": 18, "11.2": 19, "110": 20, "110 DX": 21, "110CC": 22, "110cc": 23, "112000": 24, "113cc": 25, "115": 26, "120": 27, "123": 28, "125 Benly": 29, "125 Bike": 30, "125 Chessi": 31, "125 ES": 32, "125 cooler": 33, "125 self start": 34, "125M": 35, "125R": 36, "125SR": 37, "125cc": 38, "125t": 39, "12V CDI": 40, "13000": 41, "135": 42, "135 LS": 43, "135 VK 2010": 44, "135 pulsar": 45, "135cc": 46, "135ls": 47, "150 2016": 48, "150 BBE-####": 49, "150 Bike": 50, "150 Ns": 51, "150cc": 52, "155": 53, "155cc": 54, "16": 55, "160": 56, "160 4V": 57, "160 4V racing": 58, "160 RTR": 59, "160R": 60, "160cc": 61, "180": 62, "180CC": 63, "185": 64, "1922": 65, "1983": 66, "1984": 67, "1985": 68, "1986": 69, "1987": 70, "1988": 71, "1989": 72, "1993": 73, "1996": 74, "1997": 75, "1999": 76, "1st Edition": 77, "2": 78, "200": 79, "2000": 80, "2002": 81, "2005": 82, "2006": 83, "2007": 84, "2008": 85, "2009": 86, "200cc": 87, "2010": 88, "2011": 89, "2012": 90, "2014": 91, "2015": 92, "2015 Ch 105": 93, "2016": 94, "2017": 95, "2017 BFL Red Matte": 96, "2017 Double Disk": 97, "2017 Matte Gray": 98, "2018 BGP": 99, "2018 RED": 100, "2018 onlight": 101, "2019": 102, "2019 registration": 103, "2020": 104, "2020 ABS": 105, "2022": 106, "2022.01.27": 107, "225": 108, "249CC": 109, "250": 110, "250 Big Boy": 111, "250CC,  BAGE MODDEL": 112, "250cc": 113, "3": 114, "3.0 2020": 115, "3455": 116, "350": 117, "40": 118, "48cc": 119, "4V": 120, "5 giar OD": 121, "50": 122, "50 Efi": 123, "50000": 124, "50DX": 125, "650R": 126, "85": 127, "90": 128, "90 CC": 129, "90 Onlight 12v": 130, "APACHE": 131, "APACHE RTR": 132, "Achiever 150": 133, "Apache": 134, "Apache 150": 135, "Apache 160": 136, "Apache 160cc": 137, "Apache RTR 160": 138, "Apache RTR 180": 139, "Apache RTR 200": 140, "Apache RTR 200 4V": 141, "Apache Rtr 160": 142, "Apps": 143, "Aprilia": 144, "Asiawing": 145, "Atv beach bike": 146, "Atv beach bke": 147, "Auto": 148, "Avenger": 149, "Avenger 150": 150, "B": 151, "B2 India Scooter": 152, "BAB": 153, "BAC": 154, "BAE 6967": 155, "BAH": 156, "BAL7083": 157, "BAR": 158, "BAX": 159, "BAZ": 160, "BBA": 161, "BBH": 162, "BBT": 163, "BCB": 164, "BCC": 165, "BCH": 166, "BCI": 167, "BCM Offlight": 168, "BCP": 169, "BCV": 170, "BDC": 171, "BDD": 172, "BDJ": 173, "BDO": 174, "BDP": 175, "BDP 150": 176, "BDX": 177, "BDX 5457": 178, "BDZ": 179, "BEA": 180, "BEA FZ S Ver 2": 181, "BEA ver 2": 182, "BEB": 183, "BED": 184, "BEH": 185, "BEJ": 186, "BEK": 187, "BEM": 188, "BENLY": 189, "BEO": 190, "BEP": 191, "BEQ": 192, "BEQ Blue": 193, "BET": 194, "BEX": 195, "BEZ": 196, "BFD": 197, "BFE": 198, "BFN": 199, "BFO 8685": 200, "BFP onlight": 201, "BFS onlight": 202, "BFW FZ S Ver 2": 203, "BFX": 204, "BFY": 205, "BGA7683": 206, "BGC": 207, "BGH.": 208, "BGK": 209, "BGP": 210, "BGR": 211, "BGR MAT": 212, "BGS": 213, "BGT": 214, "BHB": 215, "BHB Digital Meter": 216, "BHC Onlight": 217, "BHD": 218, "BHE": 219, "BHF": 220, "BHG": 221, "BHI": 222, "BHM - 2019 modal": 223, "BHO 7804": 224, "BHT": 225, "BHT onlight MAT": 226, "BHV": 227, "BHX": 228, "BIA": 229, "BIC": 230, "BIF": 231, "BIH": 232, "BIJ .7423": 233, "BIR 3407": 234, "BIY-####": 235, "BLACK": 236, "BLUE": 237, "BS-IV": 238, "BS4": 239, "BYK": 240, "Bajaj": 241, "Bajaj 180": 242, "Bajaj 2017": 243, "Bajaj Boxer": 244, "Bajaj Boxer 2004": 245, "Bajaj CT100": 246, "Bajaj CT100 Bike": 247, "Bajaj Discover  110": 248, "Bajaj Discover 125": 249, "Bajaj Discover 150F": 250, "Bajaj Platina": 251, "Bajaj Platina 100cc": 252, "Bajaj Pulsar": 253, "Bajaj Pulsar 150": 254, "Bajaj Pulsar 180": 255, "Bajaj Pulsar 2017": 256, "Bajaj Pulsar NS160": 257, "Bajaj Pulsar NS200": 258, "Bajaj pulsar": 259, "Bajaj pulsar 135": 260, "Baw": 261, "Bcv": 262, "Beach Buggy": 263, "Beget .": 264, "Benly": 265, "Benly 125": 266, "Benly 2016": 267, "Benly 90": 268, "Benly S110": 269, "Benly on Light": 270, "Bgv Smart Key": 271, "Bick": 272, "Bike": 273, "Black": 274, "Black Edition": 275, "Black and Blue": 276, "Blue": 277, "Blue Colour": 278, "Blue Core": 279, "Blue/White": 280, "Bm 150": 281, "Boss": 282, "Boxer": 283, "Boxer 100": 284, "Boxer ct": 285, "Brand New": 286, "Burgman 125": 287, "C90": 288, "C90 (Black Meter)": 289, "C90-Custom": 290, "CB 125": 291, "CB 250 NightHawk": 292, "CB HORNET 2018": 293, "CB Hornet": 294, "CB Hornet 160": 295, "CB Hornet 160R": 296, "CB Shine": 297, "CB125R": 298, "CB160X": 299, "CBR 650R": 300, "CBR Edition": 301, "CBX 125": 302, "CBX CUSTOM": 303, "CBZ": 304, "CBZ Xtream": 305, "CBZX-TREAM": 306, "CD": 307, "CD 100 Deluxe": 308, "CD 100 SS": 309, "CD 100SS": 310, "CD 100ss": 311, "CD 125": 312, "CD 125 T": 313, "CD 125 Twin": 314, "CD 185": 315, "CD 200": 316, "CD 50": 317, "CD 50 Benly (Japan)": 318, "CD 90": 319, "CD Dawn": 320, "CD Ss": 321, "CD dawn": 322, "CD deluxe": 323, "CD- Dawn": 324, "CD-125": 325, "CD100": 326, "CD100 SS": 327, "CD200": 328, "CF 50 LANCER CHALY": 329, "CG 125": 330, "CH 100": 331, "CH 125": 332, "CH 130": 333, "CH100": 334, "CH190": 335, "CM 125": 336, "CM 125T": 337, "CM125": 338, "CR85": 339, "CRF 250R": 340, "CT -100": 341, "CT 100": 342, "CT Delux": 343, "CT Deluxe": 344, "CT100": 345, "Caliber": 346, "Caliber 115": 347, "Cbz": 348, "Centuro 110CC": 349, "Ceygra": 350, "Ceygra GN 125": 351, "Ch 100": 352, "Ch 120": 353, "Ch'130": 354, "Ch-115": 355, "Ch125 2007": 356, "Chally": 357, "Chaly": 358, "Chapel 90": 359, "Chappy": 360, "Chasi 130": 361, "Chasi 140": 362, "Choi Nori 48cc": 363, "Choinori 2020": 364, "Citycoco Electric": 365, "Classic 350 Bullet": 366, "Classic Dragstar": 367, "Club": 368, "Clubman GB250": 369, "Cm125": 370, "Crux S": 371, "Ct 100": 372, "Cub C50": 373, "Custom": 374, "Cygnus": 375, "D Disc": 376, "D Tracker X": 377, "D/DISK": 378, "DEMAK": 379, "DIGITAL METER": 380, "DIO": 381, "DIO BGV": 382, "DISCOVER 125": 383, "DR": 384, "DT 200": 385, "DTM 150": 386, "DTM 200cc": 387, "DTS-I": 388, "DTS-SI": 389, "DTS-i": 390, "DTSI 125": 391, "DTSI Technology": 392, "DX": 393, "DX 2019": 394, "DX Digital": 395, "DX Digital Meter": 396, "DZM": 397, "DZM 200": 398, "DZM200cc": 399, "Daelim Magma 125": 400, "Daido Xf100-S": 401, "Dalim": 402, "Dark Night": 403, "Dark Night \ufffd\ufffd\ufffd\ufffd": 404, "Dark knight edition": 405, "Dark night": 406, "Darknight": 407, "Dash": 408, "Dash Vx 2016": 409, "Demak": 410, "Demak D7 2016": 411, "Demak Sky Born  2016": 412, "Digital Gray": 413, "Digital Meter": 414, "Digital meter": 415, "Dio": 416, "Dio 110": 417, "Dio 2013": 418, "Dio 2019": 419, "Dio Bcv100": 420, "Dio DX": 421, "Disc": 422, "Disc 2018": 423, "Discover": 424, "Discover 100": 425, "Discover 125": 426, "Discover 125 2014": 427, "Discover 125 M": 428, "Discover 125M": 429, "Discover 125m": 430, "Discover 135": 431, "Discover 150": 432, "Discover 2016": 433, "Discovery 100 2011": 434, "Discovery 150": 435, "Disk Break": 436, "Disk Red": 437, "Djebel": 438, "Double Disc": 439, "Double Disk": 440, "Dt 100": 441, "Dtm 200cc": 442, "Dual Disk": 443, "Duke": 444, "Duke 125": 445, "Dx": 446, "Dx.Gold": 447, "Dzm 200": 448, "E-bike A 4000I": 449, "E-fluent": 450, "EP WZ": 451, "ES": 452, "Edge": 453, "Edition": 454, "Enfield": 455, "Europe Edition": 456, "FYM": 457, "FZ": 458, "FZ 16 2015": 459, "FZ S": 460, "FZ S 2016": 461, "FZ S F16": 462, "FZ S V3": 463, "FZ V2": 464, "FZ VER 2.0": 465, "FZ s ver 2": 466, "FZ s ver 2 BEA": 467, "FZ-S 2019": 468, "Fazer burning red": 469, "Fiero": 470, "First Owner": 471, "Front disk": 472, "Full optional": 473, "Fz": 474, "Fz S Version 2": 475, "Fz S Version 2.0": 476, "Fz S ver 3": 477, "Fz s": 478, "Fz s V3.0": 479, "Fz s Ver 2.0": 480, "Fz s version 3.0": 481, "Fz v-2": 482, "GB 7557": 483, "GIXXER SF 2017 SP": 484, "GL": 485, "GN 125": 486, "GN 125H": 487, "GN125": 488, "GRAY": 489, "GSF 250 45 hp": 490, "GSX 250": 491, "Gear 50 Cargo Efi": 492, "Gixxer": 493, "Gixxer sf": 494, "Gizmo": 495, "Gizmo 48CC": 496, "Gladiator": 497, "Glamour": 498, "Gn 125 Japan": 499, "Gn125": 500, "Good": 501, "Good condition": 502, "Gp 100": 503, "Gray": 504, "Grazia": 505, "Grazia  125": 506, "H": 507, "HERO": 508, "HERO Maestro Edage": 509, "HF": 510, "HF Dawn": 511, "HF Dawn ES": 512, "HONDA CG 125": 513, "HONDA GIZMO 2015": 514, "Haojue": 515, "Hashan": 516, "Hero": 517, "Hero Dash": 518, "Hero Gizmo": 519, "Hero Glamour": 520, "Hero Honda": 521, "Hero Honda 2011": 522, "Hero Honda Cd 100": 523, "Hero Honda Hunk": 524, "Hero Honda Karizma": 525, "Hero Hunk": 526, "Hero Maestro Edge": 527, "Hero Pleasure": 528, "Hero Pleasure 2012": 529, "Hero hunk 150": 530, "Honda": 531, "Honda  Dio": 532, "Honda Benly 125": 533, "Honda Benly 125 2004": 534, "Honda C50": 535, "Honda CB Trigger": 536, "Honda CBR": 537, "Honda CD 110": 538, "Honda DIO": 539, "Honda DIO 2019": 540, "Honda Dio": 541, "Honda Dio 110 cc": 542, "Honda Dio 110cc": 543, "Honda Dio 2019 Red": 544, "Honda Dio DX Model": 545, "Honda Grazia 125": 546, "Honda Hornet": 547, "Honda MD90": 548, "Honda MTX": 549, "Honda Navi": 550, "Honda Press Cub": 551, "Honda SS": 552, "Honda Super Club": 553, "Honda Zoomer": 554, "Honda benly 1978": 555, "Honda dio": 556, "Honda dio 2018": 557, "Honda la custom 120": 558, "Hornet 125ch": 559, "Hornet 2016": 560, "Hornet Chace 150": 561, "Houjou NK 150": 562, "Hunk": 563, "Hunk double disk": 564, "Hyosung Gv 250": 565, "Indian": 566, "JX": 567, "Japan": 568, "Japan Self Start": 569, "Japan dio": 570, "Jezzy Blue": 571, "Jialing Super Cub": 572, "Judy Sctoor": 573, "Jupiter": 574, "KH-125": 575, "KS": 576, "KTM Duke 125": 577, "Karizma": 578, "Kee Way": 579, "Keeway": 580, "Keeway RKS": 581, "Kenitec Safari 4S": 582, "Kinetic": 583, "Kinetic safary": 584, "LA Custom": 585, "LML indian": 586, "LS": 587, "La Custom": 588, "Last Editon": 589, "Lets": 590, "Libero 100": 591, "Lifan 100-3h": 592, "Limited Edition": 593, "Low mileage (548 KM)": 594, "Lx": 595, "M": 596, "M 100": 597, "MD 90": 598, "MD90": 599, "MSX125": 600, "MT03 Blue Rim": 601, "Maestro Edge": 602, "Maestro Edge 110": 603, "Maestro Edge Onlight": 604, "Maestro Edge VX": 605, "Mahindra": 606, "Majesty 250cc": 607, "Malaysian demak": 608, "Manual": 609, "Mat": 610, "Mate": 611, "Mate V50": 612, "Matt Black": 613, "Matte Black 2020": 614, "Matte Gray 2018": 615, "Metro": 616, "Metro TVS": 617, "Model FZ S": 618, "Modification": 619, "Modified": 620, "Modifiyed": 621, "Motor Bike": 622, "Motorbike": 623, "Mt": 624, "Mtx 1990": 625, "N": 626, "NEW": 627, "NEW-2017": 628, "NEW-D-D": 629, "NEW-V-2": 630, "NS 150": 631, "NS 160": 632, "NS 200": 633, "NS160": 634, "NXG": 635, "Nevorp": 636, "Nevorp Scooby": 637, "No": 638, "Non": 639, "Ns 200": 640, "Ntorq": 641, "Ntorq 2019": 642, "Nxd": 643, "Nxg Splender 100": 644, "ORANGE": 645, "On Light": 646, "On light": 647, "Onlight": 648, "Opal White": 649, "Orange": 650, "Original": 651, "PCX 125": 652, "PGM FI": 653, "Passion Plus": 654, "Pathaya": 655, "Pattaya": 656, "Pattaya doble power": 657, "Pattiya": 658, "Pep": 659, "Pept": 660, "Pink": 661, "Platina": 662, "Platina 100": 663, "Pleasure": 664, "Pleasure 100": 665, "Plus": 666, "Press Cub": 667, "Press cub": 668, "Puch 1923": 669, "Pulsar": 670, "Pulsar 135": 671, "Pulsar 150": 672, "Pulsar 150 AS": 673, "Pulsar 180": 674, "Pulsar 180 2009": 675, "Pulsar 200": 676, "Pulsar AS150": 677, "Pulsar Double Disk": 678, "Pulsar NS 150": 679, "Pulsar Ns200": 680, "Pulsar150  2018": 681, "Pulser": 682, "Pulser 135": 683, "Pulser 200": 684, "RC 125": 685, "RED": 686, "RKS 150": 687, "RS": 688, "RS150": 689, "RS200": 690, "RTR  200": 691, "RTR 150": 692, "RTR 160": 693, "RTR 160 2012": 694, "RTR 160 4V": 695, "RTR 180": 696, "RTR 200": 697, "RTR 200 4v": 698, "RTR 4v": 699, "RX100": 700, "Race Edition": 701, "Race edition": 702, "Racing Edition": 703, "Rally": 704, "Ranomoto": 705, "Ray": 706, "Ray  ZR Street Rally": 707, "Ray ZR": 708, "Ray ZR  113": 709, "Red": 710, "Red 2016": 711, "Red Mat": 712, "Red Matt": 713, "Red Matte 2017": 714, "Red Matte SM": 715, "Red colour": 716, "Red/Mat": 717, "Red/White": 718, "Registration 2019": 719, "Rino": 720, "Road Master": 721, "Road Master-200": 722, "Rockstar": 723, "Rodeo Rs": 724, "Rtr 160": 725, "S": 726, "SB Tracker": 727, "SCV 110": 728, "SCV110": 729, "SE": 730, "SF": 731, "SF 155": 732, "SINGER SAPARI X2": 733, "SR 125": 734, "SR125  Japan": 735, "SR125 Custom": 736, "SR150": 737, "STD": 738, "SZ-X": 739, "Safari": 740, "Savage": 741, "Schooty": 742, "Scoopy": 743, "Scooter": 744, "Scotty": 745, "Self Start": 746, "Self start": 747, "Serow": 748, "Shine 125": 749, "Showroom Conditions": 750, "Silver Lifan": 751, "Singer Safari": 752, "Singer Safari 2018": 753, "Sky Born": 754, "Skyway 250": 755, "Smart": 756, "Sp": 757, "Spec 3": 758, "Spec3": 759, "Special edition": 760, "Splender": 761, "Sport": 762, "Sport Bike": 763, "Sport Mode": 764, "Standard": 765, "Standerd": 766, "Star": 767, "Steed 400": 768, "Streak": 769, "Street Cub -Modified": 770, "Street Rally": 771, "Stunner": 772, "Super CUB 100 CC": 773, "Super Club": 774, "Super Cup": 775, "Super Moto": 776, "Supercub Cafe Racer": 777, "Suzuki": 778, "Suzuki Burgman 2020": 779, "Suzuki Gixxer Sf": 780, "Suzuki SkyWave Dio": 781, "Sweety": 782, "T JAPAN": 783, "TD 1700": 784, "TH": 785, "TM": 786, "TN 5402": 787, "TO": 788, "TQ 2825": 789, "TSR Power Valve": 790, "TVS": 791, "TVS Metro": 792, "TVS NTORQ 2018": 793, "TVS STREAK": 794, "TVS Wego": 795, "TVS XL Super": 796, "TVS scooty  Pep 2005": 797, "TW": 798, "TZR 125": 799, "Tracker": 800, "Trail Bike": 801, "Trim Edition": 802, "Triple Daytona 675cc": 803, "Tropica": 804, "TvS": 805, "Tvs": 806, "Tvs Start City Ferro": 807, "Tvs Striker": 808, "Tvs bike wego": 809, "Twin": 810, "Twin dis": 811, "Twister": 812, "Tzr 125": 813, "UE": 814, "UG": 815, "UG4": 816, "UG4.5": 817, "UO-1598": 818, "UQ 5410": 819, "UZ": 820, "Uf": 821, "Unicorn": 822, "Unicorn 160": 823, "Used": 824, "Used bike": 825, "V 2": 826, "V 2.0": 827, "V 2.0 Double Disc": 828, "V 3": 829, "V MAX ; 1200CC": 830, "V-1": 831, "V-2": 832, "V-Twin Custom": 833, "V.3": 834, "V02": 835, "V1": 836, "V12": 837, "V15": 838, "V2": 839, "V2 Dark night": 840, "V3": 841, "V50": 842, "VA": 843, "VER 2": 844, "VER 3": 845, "VER03": 846, "VT 250 f limited": 847, "VX": 848, "Valletta": 849, "Ver 03": 850, "Ver 3": 851, "Version 02": 852, "Version 03": 853, "Version 1": 854, "Version 2": 855, "Version 2 (2019)": 856, "Version 2 Black": 857, "Version 2.0": 858, "Version 3": 859, "Version 3.0": 860, "Vertion 02": 861, "Victor GLX 125": 862, "Vino": 863, "Vr 2.0": 864, "Vt 250": 865, "Vt250": 866, "Vx": 867, "W": 868, "WH": 869, "WHITE": 870, "WJ": 871, "WP": 872, "WRX 250 X": 873, "Wego": 874, "White": 875, "White Colour": 876, "Work Edition": 877, "Wp": 878, "X": 879, "X 250": 880, "X-Treme": 881, "XCD": 882, "XCD 125": 883, "XCD 135": 884, "XL 100": 885, "XL S": 886, "XL100": 887, "XO": 888, "XR 150": 889, "XR 230": 890, "XR 250": 891, "XT 250": 892, "XT 250 X": 893, "Xc 250": 894, "Xcd 125": 895, "Xjr 400 Modified": 896, "Xream": 897, "Xt 250cc": 898, "Xtream": 899, "Xtreme": 900, "YAMAHA": 901, "YAMAHA XT250X": 902, "YAMAHA ZR": 903, "YB 50": 904, "Yamaha": 905, "Yamaha ELECTRIC 125": 906, "Yamaha FZ": 907, "Yamaha FZ V2": 908, "Yamaha FZ v2": 909, "Yamaha Mate": 910, "Yamaha Ray Z": 911, "Yamaha Ray ZR": 912, "Yamaha Ray Zr Disk": 913, "Yamaha Rx 100": 914, "Yamaha TZR": 915, "Yamaha Tricker 250": 916, "Yamaha Vmax 1200": 917, "Yamaha ZR ray": 918, "Yamaha Zr": 919, "Yc 125": 920, "Yd 125 Japanese": 921, "Yellow": 922, "Yzf": 923, "ZR": 924, "Zoomer 50cc": 925, "apache 150": 926, "apachi200": 927, "bajaj": 928, "bajaj 125": 929, "bajaj boxer": 930, "bajaj v15": 931, "bandit": 932, "bau": 933, "bcg xxxx": 934, "beach bike": 935, "benly": 936, "bgm": 937, "bio": 938, "black": 939, "black edition": 940, "blue": 941, "boxer": 942, "bs4": 943, "c90": 944, "caliber": 945, "cbz xtreem": 946, "cd 50": 947, "cd 90": 948, "cd125": 949, "cd90": 950, "cdi yamaha 50": 951, "chaliy": 952, "chaly": 953, "chasi 130": 954, "chassi 130(Ch130)": 955, "cheli": 956, "civic": 957, "cruxs": 958, "ct100": 959, "cygnus": 960, "dalim": 961, "dash": 962, "demak": 963, "dii": 964, "dio": 965, "dio 2019 onlight": 966, "discover 100": 967, "discover 125": 968, "discover 135": 969, "discover 150": 970, "discover 2011": 971, "discovery": 972, "discovery 100": 973, "discovery 125": 974, "double diss": 975, "dtm 150": 976, "dtm 200": 977, "duke": 978, "e": 979, "fiero": 980, "fiero 150": 981, "fz": 982, "fz 2": 983, "fz 2019": 984, "fz S": 985, "fz v2": 986, "fz v22": 987, "fzs": 988, "gixxer 2020": 989, "gixxer SF": 990, "gl": 991, "gn 125": 992, "good": 993, "gt250": 994, "h": 995, "hero": 996, "hero hero": 997, "hero hunk": 998, "hero hunk 2017": 999, "hero hunk 2019": 1000, "hero maestro": 1001, "hiro": 1002, "honda": 1003, "honda 2019": 1004, "honda 90 wel moddle": 1005, "honda cd 90": 1006, "honda cd200": 1007, "honda dio": 1008, "honda dio 2019": 1009, "honda dio mat black": 1010, "honda hornet ch115": 1011, "honda md 90": 1012, "hunk": 1013, "i": 1014, "i Het": 1015, "i smart": 1016, "japan": 1017, "keeway": 1018, "ktm duke 200": 1019, "lest": 1020, "maestro edge": 1021, "mahindra gusto": 1022, "mate": 1023, "md90": 1024, "metro es": 1025, "mmm": 1026, "navi": 1027, "ns": 1028, "ns 200": 1029, "ns200": 1030, "ntorq 125": 1031, "on light": 1032, "onlight": 1033, "palsar 150": 1034, "palsare": 1035, "pep": 1036, "pept": 1037, "petrol": 1038, "platina": 1039, "platina 100": 1040, "platina 100 twin": 1041, "platina 125": 1042, "platina125": 1043, "pleasure": 1044, "pleasure 100": 1045, "plesure": 1046, "plusar150": 1047, "press Cub 50": 1048, "pulsar": 1049, "pulsar  150": 1050, "pulsar 135": 1051, "pulsar 135 LS": 1052, "pulsar 150": 1053, "pulsar 180": 1054, "pulsar ns 150": 1055, "pulser 135 BBi 8020": 1056, "pulser NS 150": 1057, "recondition": 1058, "red": 1059, "registered 2019": 1060, "rockstar": 1061, "rtr": 1062, "rtr 160": 1063, "scooter": 1064, "scooter 1998": 1065, "scooty": 1066, "scooty streak": 1067, "self start": 1068, "shine black": 1069, "skyline": 1070, "sport": 1071, "streak": 1072, "super cub": 1073, "super cup on light": 1074, "suzuki": 1075, "suzuki Ts50": 1076, "suzuki gixxer sf": 1077, "tracker": 1078, "tvs": 1079, "tvs apache": 1080, "tvs rtr": 1081, "twin": 1082, "twister": 1083, "used": 1084, "uzo 125": 1085, "v2": 1086, "v2 DD": 1087, "v50": 1088, "version 2": 1089, "version 2.0": 1090, "vx": 1091, "we": 1092, "wego": 1093, "white": 1094, "wp-HV": 1095, "x": 1096, "xr": 1097, "xw": 1098, "yAMAHA": 1099, "yamaha": 1100, "yamaha cruxs": 1101, "yamaha fz": 1102, "yamaha fz s": 1103, "yamaha mt": 1104, "yamaha saluto": 1105, "\ufffd\ufffd\ufffd\ufffd\ufffd\ufffd\ufffd\ufffd\ufffd\ufffd\ufffd\ufffd\ufffd\ufffd\ufffd\ufffd": 1106}, "Model": {"250": 0, "90": 1, "AX1": 2, "Achiever": 3, "Activa": 4, "Alpha": 5, "Apache": 6, "Aspire": 7, "Avenger": 8, "Avenger Street": 9, "Aviator": 10, "Balius": 11, "Bandit": 12, "Benly": 13, "Blaze": 14, "Boxer": 15, "Burgman": 16, "Byk": 17, "CB 125": 18, "CB Hornet": 19, "CB Shine": 20, "CB Trigger": 21, "CB Unicorn": 22, "CB4": 23, "CBR": 24, "CBR 500R": 25, "CBZ": 26, "CD": 27, "CD 110": 28, "CD 125": 29, "CD 200": 30, "CD 70": 31, "CD 90": 32, "CD Down": 33, "CM Custom": 34, "CRF": 35, "CT100": 36, "Caliber": 37, "Centra": 38, "Centuro": 39, "Civic": 40, "Classic": 41, "Cliq": 42, "D Tracker": 43, "D7": 44, "DR": 45, "DT": 46, "DTM": 47, "DZM": 48, "DZR": 49, "Dash": 50, "Dawn": 51, "Dio": 52, "Discover": 53, "Discover 110": 54, "Discover 125": 55, "Djebel": 56, "Downtown 125i": 57, "Downtown 350i": 58, "Dream": 59, "Duet": 60, "Duke": 61, "Duke 200": 62, "Duke 790": 63, "EcoFast": 64, "Estrella": 65, "Explorer": 66, "FTR": 67, "FZ": 68, "FZ S": 69, "FZ25": 70, "Facino": 71, "Fascino": 72, "Fazer": 73, "Flame": 74, "Forza": 75, "GN 125": 76, "GN 250": 77, "GS 125": 78, "GSX-250R": 79, "Gixxer": 80, "Gladiator": 81, "Glamour": 82, "Grass Tracker": 83, "Grazia": 84, "Gusto": 85, "HF Dawn": 86, "HF Deluxe": 87, "Hornet": 88, "Hunk": 89, "Ignitor": 90, "Interceptor 650": 91, "Intruder": 92, "Jade": 93, "Jupiter": 94, "KDX": 95, "Karizma": 96, "Kristal": 97, "LD": 98, "LX": 99, "Lets": 100, "Libero": 101, "Little Cub": 102, "MD": 103, "MT 15": 104, "Maestro Edge": 105, "Magna": 106, "Majesty": 107, "Mate": 108, "Metro": 109, "Monster": 110, "N Max": 111, "NV400": 112, "Navi": 113, "Ninja": 114, "Ninja 400": 115, "Ntorq": 116, "Other Model": 117, "Other model": 118, "PCX": 119, "Passion": 120, "Passion Plus": 121, "Passion pro": 122, "Platina": 123, "Pleasure": 124, "Pulsar 135": 125, "Pulsar 150": 126, "Pulsar 180": 127, "Pulsar 220F": 128, "Pulsar NS160": 129, "Pulsar NS200": 130, "Pulsar RS200": 131, "R15": 132, "R3": 133, "RC": 134, "RS": 135, "Ray": 136, "Ray ZR": 137, "Rebel": 138, "Rino": 139, "Rio": 140, "Roadmaster": 141, "SR": 142, "SX": 143, "SZ-RR": 144, "Safari": 145, "Saluto": 146, "Savage Supra": 147, "Scooty Pep": 148, "Scooty Pep+": 149, "Scooty Pept": 150, "Scooty Zest": 151, "Sky Born": 152, "Skyline": 153, "Splender": 154, "Splender Plus": 155, "Splender i smart": 156, "Star City Plus": 157, "Star Sport": 158, "Streak": 159, "Stryker": 160, "Stunner": 161, "Super Club": 162, "Super Splender": 163, "TTR": 164, "TW": 165, "TZR": 166, "Thunderbird": 167, "Today": 168, "Transler": 169, "Transtar": 170, "Tropica": 171, "Tuono": 172, "Twister": 173, "Uzo 125": 174, "V12": 175, "V15": 176, "VTR": 177, "VXL": 178, "Victor": 179, "Virago": 180, "Volty": 181, "WR": 182, "Warrior": 183, "Wego": 184, "X-Blade": 185, "XCD": 186, "XL 100": 187, "XL Super": 188, "XLR": 189, "XR": 190, "Xtream": 191, "YZF": 192, "Zest": 193, "Zoomer": 194}}